{
  "fetchedAt": "2026-04-06T04:37:10.959507Z",
  "fetchedAtMs": 1775450230959,
  "x": -121950.6810207203,
  "y": -359012.7252144738,
  "z": -33144.98635780727,
  "vx": -0.0593951385398689,
  "vy": -0.603793734161856,
  "vz": -0.05283570139513916,
  "rg": 380605.6956851803,
  "rr": 0.593170708490441,
  "speed": 0.60900432448153,
  "moonDist": 48550.36666394812
}